address,calls_12mo,calls_total,district,community,owner,tows,tow_rate,vehicles_seen,vehicles_distinct,repeat_calls,median_gap_days,last_call,lat,lon
5285 SACKVILLE ST,26,75,7,HALIFAX,HRM,3,0.04,72,71,74,8.5,2026-08-05,44.64598500614483,-63.57589200733927
57 KING ST,17,20,5,DARTMOUTH,HRM,2,0.1,19,18,19,12,2026-07-24,44.66577600343618,-63.56744100748806
1323 BIRMINGHAM ST,15,64,7,HALIFAX,HRM,2,0.03125,63,61,63,16,2026-09-04,44.64111600518717,-63.57572101302492
918 SOUTH BLAND ST,14,42,7,HALIFAX,HRM,3,0.07142857142857142,39,39,40,26,2026-08-20,44.63363700424992,-63.571950011225795
19 PORTLAND ST,13,38,5,DARTMOUTH,HRM,0,0.0,37,36,36,25,2026-07-27,44.66466000164823,-63.56790901178485
6019 CHERRY ST,12,15,9,HALIFAX,HRM,0,0.0,15,12,14,5.0,2026-06-17,44.64497700693079,-63.58990500712125
20 DAWSON ST,12,12,5,DARTMOUTH,HRM,0,0.0,11,10,11,5,2026-05-01,44.66952000519771,-63.58131000732998
2680 GOTTINGEN ST,11,15,8,HALIFAX,HRM,0,0.0,14,14,14,15.5,2026-04-19,44.658252002612244,-63.592780505362974
6070 ALMON ST,11,11,8,HALIFAX,PRIVATE,0,0.0,1,1,10,0.0,2025-11-05,44.65631700422307,-63.59966100755221
5300 TOBIN ST,11,32,7,HALIFAX,HRM,2,0.0625,26,23,30,23,2026-08-23,44.63857800585541,-63.57271500753871
1325 HOLLIS ST,10,68,7,HALIFAX,HRM,0,0.0,67,63,67,15,2026-09-03,44.64261900290367,-63.57008701312411
6174 ALMON ST,10,13,8,HALIFAX,HRM,1,0.07692307692307693,11,11,11,23.0,2026-09-02,44.6549670041795,-63.60144750885336
8A JOHN ST,9,11,5,DARTMOUTH,HRM,0,0.0,11,10,10,14.5,2026-06-09,44.67051900452384,-63.581301006210836
70 OCHTERLONEY ST,9,64,5,DARTMOUTH,HRM,2,0.03125,63,60,63,16,2026-04-18,44.667063007160635,-63.567688511315176
54 HILDEN DR,8,12,11,HALIFAX,,0,0.0,10,8,10,39,2026-08-03,44.60222700417705,-63.61341750885507
2428 AGRICOLA ST,8,9,8,HALIFAX,HRM,0,0.0,8,8,7,11.5,2026-04-10,44.65323000433921,-63.59073751182778
22 EDWARD ST,8,50,5,DARTMOUTH,HRM,2,0.04,49,48,48,19,2026-08-04,44.666424004180044,-63.56955600884896
5658 ALMON ST,7,16,8,HALIFAX,HRM,0,0.0,14,14,13,22,2026-01-01,44.658828003926715,-63.596502009989926
2499 ST MATTHIAS ST,7,15,9,HALIFAX,HRM,0,0.0,15,15,14,47.0,2026-08-14,44.6506560041793,-63.59691150885272
235 WILLETT ST,7,7,10,HALIFAX,HRM,0,0.0,6,6,6,7.5,2026-05-06,44.65791900243701,-63.65277450958756
1749 ARGYLE ST,7,40,7,HALIFAX,HRM,2,0.05,38,36,38,22,2026-04-15,44.64746100352127,-63.57458250619996
3139 AGRICOLA ST,7,28,8,HALIFAX,HRM,2,0.07142857142857142,28,28,26,67,2026-09-02,44.66137500184709,-63.60172651286842
1244 ROBIE ST,7,14,7,HALIFAX,HRM,1,0.07142857142857142,13,13,11,22,2026-08-10,44.637300002789914,-63.585670510568086
34 CRAIGMORE DR,6,8,9,HALIFAX,HRM,0,0.0,7,7,6,26,2026-05-15,44.64285300329345,-63.62402400976368
6170 WINDSOR TERR,6,18,8,HALIFAX,HRM,0,0.0,17,16,15,32,2026-03-11,44.65416600156087,-63.60003450908109
5733 MCCULLY ST,6,9,8,HALIFAX,HRM,0,0.0,9,9,7,121.0,2026-09-03,44.65556100692629,-63.59517450661233
5530 BILBY ST,6,19,8,HALIFAX,HRM,0,0.0,18,18,18,18.0,2026-09-03,44.66000700474851,-63.596101505103604
1872 GARDEN ST,6,7,9,HALIFAX,HRM,0,0.0,7,7,6,76.0,2026-08-04,44.64422100241708,-63.59391901218792
220 SPENCER AVE,6,7,11,HALIFAX,PRIVATE,0,0.0,6,4,6,6.5,2026-02-12,44.61636600623095,-63.62048701011295
1325 LOWER WATER ST,6,6,7,HALIFAX,HRM,0,0.0,6,6,5,29,2026-03-04,44.64265500646664,-63.56864700474031
1580 QUEEN ST,5,15,7,HALIFAX,HRM,0,0.0,13,13,12,101.0,2026-06-23,44.64425700498589,-63.578164511446445
1336 BIRMINGHAM ST,5,16,7,HALIFAX,HRM,0,0.0,16,16,13,88,2026-08-19,44.641269003366716,-63.57619800945769
5844 MACARA ST,5,17,8,HALIFAX,HRM,0,0.0,17,16,14,43.0,2026-04-20,44.658522004179645,-63.599634008853144
52 IRISHTOWN RD,5,10,5,DARTMOUTH,HRM,0,0.0,10,10,7,67,2026-07-09,44.66814300691047,-63.56401651284353
1565 SOUTH PARK ST,5,28,7,HALIFAX,HRM,0,0.0,27,26,27,42,2026-07-23,44.643609004178956,-63.58018050885041
569 WASHMILL LAKE DR,5,8,12,HALIFAX,HRM,0,0.0,8,8,6,70,2026-06-30,44.64995400693425,-63.654588010517074
1329 BIRMINGHAM ST,5,14,7,HALIFAX,HRM,0,0.0,13,13,12,23,2026-08-17,44.641242004845225,-63.575770510197074
6019 FRASER ST,5,9,7,HALIFAX,HRM,0,0.0,9,9,8,18.5,2025-11-27,44.63562600733047,-63.585009009159066
23 CHELSEA LANE,5,10,10,HALIFAX,HRM,0,0.0,10,8,8,12,2026-03-06,44.65666800144342,-63.65263951076665
6379 CORK ST,5,7,9,HALIFAX,HRM,0,0.0,7,7,6,89.0,2026-05-28,44.65422000573233,-63.60870600940197
4 GLENWOOD AVE,5,7,6,DARTMOUTH,HRM,0,0.0,6,6,6,81.5,2026-08-31,44.67874500133735,-63.5509755081654
6120 CHARLES ST,5,5,8,HALIFAX,HRM,0,0.0,5,5,4,91.5,2026-08-27,44.65233000417939,-63.59505750885248
1883 SELDON ST,5,5,9,HALIFAX,HRM,0,0.0,5,5,4,41.0,2026-06-29,44.64387900566041,-63.59826151318772
5644 MACARA ST,5,5,8,HALIFAX,HRM,0,0.0,5,4,4,12.5,2026-06-15,44.65998900516004,-63.59772600948049
53 BRIGADIER CRT,5,5,16,HALIFAX,,0,0.0,4,3,4,18.0,2026-07-04,44.699130007193446,-63.66801150886008
73 JOFFRE ST,5,5,5,DARTMOUTH,HRM,0,0.0,5,2,4,0.0,2026-08-31,44.670024004535065,-63.549301506616374
1664 HENRY ST,5,34,7,HALIFAX,HRM,2,0.058823529411764705,26,23,33,21,2026-09-04,44.6420970030579,-63.5903460080606
2503 AGRICOLA ST,6,8,8,HALIFAX,HRM,2,0.25,8,8,6,61,2026-07-24,44.6543010041795,-63.59183100885206
5675 CUNARD ST,5,9,8,HALIFAX,HRM,1,0.1111111111111111,9,9,7,43.0,2026-07-16,44.65202400641604,-63.58762801143767
2404 CREIGHTON ST,5,9,8,HALIFAX,HRM,1,0.1111111111111111,8,8,8,79.5,2026-07-09,44.65554644771484,-63.59007828128893
5270 TOBIN ST,4,26,7,HALIFAX,HRM,0,0.0,23,22,23,50,2026-06-16,44.63881200336792,-63.57187351069619
32 HOWE ST,4,17,5,DARTMOUTH,HRM,0,0.0,17,16,14,9.0,2026-08-10,44.675118003479696,-63.58728600484266
1596 CHESTNUT ST,4,9,7,HALIFAX,HRM,0,0.0,9,9,5,217.5,2026-04-27,44.639703004434296,-63.594139512657584
28 QUEEN ST,4,58,5,DARTMOUTH,HRM,0,0.0,58,58,57,21,2026-04-24,44.66548800606208,-63.568039510046184
6082 CHERRY ST,4,13,9,HALIFAX,HRM,0,0.0,13,13,11,188.0,2026-06-25,44.64420300432002,-63.591480005342824
1670 HENRY ST,4,13,7,HALIFAX,HRM,0,0.0,13,12,11,124.0,2026-05-19,44.64221400122773,-63.59045401250722
5690 MACARA ST,4,21,8,HALIFAX,HRM,0,0.0,21,21,18,14.5,2025-12-16,44.65941300259976,-63.59839651200864
5737 MCCULLY ST,4,20,8,HALIFAX,HRM,0,0.0,19,19,17,33,2026-08-12,44.65554300417952,-63.59532750885256
1546 QUEEN ST,4,11,7,HALIFAX,HRM,0,0.0,11,11,9,99.0,2026-04-29,44.64397800206956,-63.57703500574063
6016 PEPPERELL ST,4,18,9,HALIFAX,HRM,0,0.0,15,15,17,49,2026-06-30,44.64627300452915,-63.59047200576237
213 NADIA DR,4,5,5,DARTMOUTH,HRM,0,0.0,5,3,3,116.0,2026-08-26,44.68370400431195,-63.59355901233776
6052 COMPTON AVE,4,5,8,HALIFAX,HRM,0,0.0,4,4,3,50.5,2026-08-10,44.64981900245681,-63.593365506242385
2666 KING ST,4,6,8,HALIFAX,,0,0.0,4,4,5,81,2026-07-19,44.65501200362476,-63.59691150701226
6183 ALLAN ST,4,5,9,HALIFAX,HRM,0,0.0,5,5,4,70.0,2026-08-15,44.64839700437605,-63.5958270069022
2580 CREIGHTON ST,4,6,8,HALIFAX,HRM,0,0.0,6,6,5,13,2026-08-04,44.656380003552925,-63.59166000975947
1 MASTHEAD CRT,4,4,16,HALIFAX,,0,0.0,4,1,3,2,2025-11-23,44.692974005231406,-63.68097601300861
117 PINECREST DR,4,4,5,DARTMOUTH,PRIVATE,0,0.0,4,2,3,15,2025-11-21,44.68498200681128,-63.58664250567194
22 DAWSON ST,4,4,5,DARTMOUTH,HRM,0,0.0,4,4,3,19,2025-12-31,44.6697900051596,-63.58088700862894
15 BEST ST,4,4,5,DARTMOUTH,HRM,0,0.0,4,4,3,18,2026-02-03,44.66799900469914,-63.579681011376685
641 OLD SACKVILLE RD,4,4,15,LOWER SACKVILLE,,0,0.0,3,3,3,0,2026-04-28,44.76690900123529,-63.69215401060189
29 BRULE ST,4,4,5,DARTMOUTH,HRM,0,0.0,4,4,3,86,2026-08-18,44.68418100418086,-63.586687508851305
101 WENTWORTH DR,4,4,10,HALIFAX,,0,0.0,4,2,3,2,2026-08-21,44.67685500532539,-63.66102301120739
HIGGINS AVE,4,4,12,BEECHVILLE,HRM,0,0.0,4,4,3,13,2026-07-17,44.639573012900456,-63.678404414827554
281 MAIN ST,4,4,6,DARTMOUTH,HRM,0,0.0,4,3,3,36,2026-08-11,44.685675004293415,-63.52441651135951
22 BERTS DR,5,5,10,HALIFAX,,1,0.2,5,1,4,1.5,2026-07-08,44.658990003265444,-63.63720450483915
2685 AGRICOLA ST,4,22,8,HALIFAX,HRM,1,0.045454545454545456,22,22,21,57,2026-08-09,44.65691100417962,-63.595116008852465
50 WENTWORTH ST,4,19,5,DARTMOUTH,HRM,1,0.05263157894736842,19,19,17,37.5,2026-07-17,44.667801004268824,-63.56747251140507
5556 CUNARD ST,4,11,8,HALIFAX,HRM,1,0.09090909090909091,11,11,8,66.5,2026-04-14,44.652618001183015,-63.58626001200706
1340 QUEEN ST,4,16,7,HALIFAX,HRM,2,0.125,13,13,14,94,2026-06-15,44.64159300381951,-63.5753025059003
6089 COBURG RD,4,24,7,HALIFAX,HRM,4,0.16666666666666666,24,23,22,10,2025-09-26,44.63967600518407,-63.58919850909966
15 MONTGOMERY CRT,3,4,12,HALIFAX,,0,0.0,3,2,2,37,2026-06-27,44.67186000567074,-63.66927151282723
21 PARKHILL RD,3,4,11,HALIFAX,HRM,0,0.0,4,4,2,153,2026-02-21,44.625330001366905,-63.59900850726234
2455 GLADSTONE ST,3,6,8,HALIFAX,HRM,0,0.0,6,5,3,241,2026-03-03,44.65285200597171,-63.596830505923066
1567 LEMARCHANT ST,3,5,7,HALIFAX,HRM,0,0.0,5,5,2,387.0,2025-11-06,44.6403600014923,-63.59149800758112
6056 QUINPOOL RD,3,14,9,HALIFAX,HRM,0,0.0,13,13,11,118,2026-04-18,44.64669600715325,-63.59204251240751
6201 SHIRLEY ST,3,9,9,HALIFAX,HRM,0,0.0,9,9,5,188.0,2026-06-04,44.644617003879716,-63.595327507671556
6035 CHERRY ST,3,9,9,HALIFAX,,0,0.0,4,4,6,74.5,2026-07-21,44.644878005835125,-63.59035950973932
2432 AGRICOLA ST,3,12,8,HALIFAX,HRM,0,0.0,11,10,10,176,2026-06-25,44.65330200466181,-63.590832005612526
2398 CREIGHTON ST,3,5,8,HALIFAX,HRM,0,0.0,3,3,2,284.0,2026-06-25,44.65412100124132,-63.58838400663143
6258 YALE ST,3,6,9,HALIFAX,HRM,0,0.0,6,6,4,129,2026-05-05,44.64589500555758,-63.59753251236826
75 COLLINS GRV,3,4,6,DARTMOUTH,HRM,0,0.0,4,4,2,1,2026-04-19,44.67111300148531,-63.51460651319684
1474 BRENTON ST,3,15,7,HALIFAX,HRM,0,0.0,13,13,13,65.0,2026-04-13,44.641971005256664,-63.57871350784925
2008 MAYNARD ST,3,4,8,HALIFAX,,0,0.0,4,4,2,7,2026-06-26,44.65004400122368,-63.583785009668524
1524 LEMARCHANT ST,3,10,7,HALIFAX,,0,0.0,6,6,8,112,2026-04-14,44.63946000433825,-63.59151150925984
2690 AGRICOLA ST,3,7,8,HALIFAX,HRM,0,0.0,7,7,4,151.0,2026-06-28,44.65674000388756,-63.5956110069921
36 CORONATION AVE,3,7,10,HALIFAX,HRM,0,0.0,6,6,5,188.0,2026-05-09,44.65671300617649,-63.63494101083429
614 COLBY DR,3,9,4,COLE HARBOUR,HRM,0,0.0,8,8,7,182.0,2026-08-02,44.66673900203398,-63.49164750590941
977 YOUNG AVE,3,5,7,HALIFAX,HRM,0,0.0,5,5,2,255.5,2026-02-11,44.633925006400375,-63.57525300872813
3644 DUTCH VILLAGE RD,3,7,10,HALIFAX,,0,0.0,6,6,5,177.0,2026-09-03,44.659053004179725,-63.63182250885763
5760 INGLIS ST,3,7,7,HALIFAX,HRM,0,0.0,6,6,5,183.5,2026-03-25,44.63369100417853,-63.577435508850016
5674 FENWICK ST,3,4,7,HALIFAX,HRM,0,0.0,4,3,2,196,2026-05-14,44.637147006928416,-63.57655350874829
79 CENTRAL AVE,3,4,10,HALIFAX,,0,0.0,1,1,2,111,2026-06-26,44.65132200475702,-63.640206009765784
6240 PEPPERELL ST,3,4,9,HALIFAX,HRM,0,0.0,4,3,2,40,2026-08-17,44.644626002864726,-63.5964300100199
31 DUNDAS ST,3,5,5,DARTMOUTH,HRM,0,0.0,5,5,3,230.0,2026-07-25,44.667054005268,-63.56597400472997
3121 RALSTON AVE,3,4,9,HALIFAX,PRIVATE,0,0.0,4,4,2,136,2026-06-06,44.649927006063905,-63.624622512321814
29 ERSKINE ST,3,4,5,DARTMOUTH,HRM,0,0.0,4,4,2,188,2026-03-25,44.67047400411877,-63.56002501057474
1975 VERNON ST,3,5,9,HALIFAX,HRM,0,0.0,5,5,3,195.5,2026-02-27,44.64594000586865,-63.59290651204789
6380 LIVERPOOL ST,3,8,9,HALIFAX,HRM,0,0.0,7,7,7,152,2026-05-31,44.653446005038916,-63.60768000758323
5665 MACARA ST,3,5,8,HALIFAX,HRM,0,0.0,5,5,4,98.0,2025-12-10,44.65991700675036,-63.59837400921077
5268 HARVEY ST,3,4,7,HALIFAX,HRM,0,0.0,4,4,2,53,2026-01-28,44.64017100222529,-63.57252151042648
2500 CREIGHTON ST,3,5,8,HALIFAX,HRM,0,0.0,5,5,3,92.5,2026-02-17,44.655570004213445,-63.590485507441095
6226 WILLOW ST,3,5,9,HALIFAX,HRM,0,0.0,5,5,4,166.0,2026-02-26,44.65128600657309,-63.597937508831
1293 SOUTH PARK ST,3,6,7,HALIFAX,HRM,0,0.0,6,6,5,90,2026-07-24,44.63983800688871,-63.57816001088686
36 WENTWORTH ST,3,4,5,DARTMOUTH,HRM,0,0.0,3,3,2,65,2026-06-25,44.66700900217273,-63.56700900766786
93 EXECUTIVE DR,3,5,14,MIDDLE SACKVILLE,HRM,0,0.0,5,5,4,117.5,2026-08-31,44.79221700722056,-63.71328150573835
12 CARVER ST,3,4,6,DARTMOUTH,HRM,0,0.0,4,3,3,153,2026-08-12,44.672949006452825,-63.526009511819375
4 MAPLE ST,3,6,16,BEDFORD,HRM,0,0.0,6,5,5,4,2025-09-21,44.736390002055685,-63.64958850866785
3196 STANFORD ST,3,4,9,HALIFAX,HRM,0,0.0,4,3,3,21,2025-09-29,44.65089900391516,-63.629838005097994
957 YOUNG AVE,3,4,7,HALIFAX,PRIVATE,0,0.0,1,1,3,61,2026-01-20,44.63370900332339,-63.575181008758086
6326 NORWOOD ST,3,3,9,HALIFAX,HRM,0,0.0,2,2,2,75.5,2026-02-17,44.64311400679381,-63.5976450083913
217 WYSE RD,3,3,5,DARTMOUTH,PRIVATE,0,0.0,3,3,2,41.5,2025-12-11,44.674074002771675,-63.58492800806989
23 BROCK ST,3,3,3,DARTMOUTH,HRM,0,0.0,3,3,2,156.0,2026-08-01,44.65980900417972,-63.54933750884609
18 DAWSON ST,3,3,5,DARTMOUTH,PRIVATE,0,0.0,3,2,2,78.0,2026-03-03,44.669448005847244,-63.58150350444221
914 SOUTH BLAND ST,3,3,7,HALIFAX,HRM,0,0.0,3,2,2,89.0,2026-04-04,44.6335470036843,-63.57187801125577
32 KING ST,3,3,5,DARTMOUTH,,0,0.0,3,3,2,27.5,2025-12-23,44.66525400115236,-63.56588401150479
6324 PEPPERELL ST,3,3,9,HALIFAX,HRM,0,0.0,3,3,2,108.5,2026-06-22,44.644257004179025,-63.59806350885293
6141 ALLAN ST,3,3,9,HALIFAX,HRM,0,0.0,3,3,2,96.5,2026-06-30,44.648694001920745,-63.594846010679184
10 ROSEDALE AVE,4,4,10,HALIFAX,PRIVATE,1,0.25,4,2,3,1,2026-03-01,44.65495800658098,-63.63310050654731
29 BARRENS ST,3,3,16,BEDFORD,HRM,0,0.0,2,2,2,6.5,2026-02-17,44.7289830024732,-63.66980250699174
11 ALMA CRES,3,3,10,HALIFAX,,0,0.0,2,2,2,53.5,2026-06-15,44.65958400335805,-63.631786504848435
5826 FAYS LANE,3,3,7,HALIFAX,,0,0.0,0,0,2,34.5,2026-05-28,44.626464002849644,-63.57570301078662
6130 PEPPERELL ST,3,3,9,HALIFAX,,0,0.0,2,1,2,0.5,2026-04-16,44.64553500181228,-63.59354101009946
5829 FAYS LANE,3,3,7,HALIFAX,HRM,0,0.0,2,2,2,12.5,2026-06-03,44.62677000417824,-63.576076508849894
22 RAYMOOR DR,3,3,6,DARTMOUTH,PRIVATE,0,0.0,3,2,2,8.0,2026-05-30,44.6856480072839,-63.53375400466583
185 OCEANVIEW DR,3,3,16,BEDFORD,HRM,0,0.0,3,2,2,3.0,2026-06-23,44.70695100603862,-63.685606504905394
275 PORTLAND ST,3,3,5,DARTMOUTH,HRM,0,0.0,3,1,2,0.0,2026-07-04,44.66937600640739,-63.55777500926545
1882 SELDON ST,3,3,9,HALIFAX,HRM,0,0.0,3,3,2,10.5,2026-07-29,44.64369000507406,-63.59874301018008
5649 CABOT ST,3,3,8,HALIFAX,,0,0.0,3,3,2,15.5,2026-08-30,44.665326005712444,-63.606028508832054
5523 FALKLAND ST,3,26,8,HALIFAX,HRM,1,0.038461538461538464,25,23,25,90,2026-08-13,44.651286004179354,-63.583236008850854
2430 AGRICOLA ST,3,20,8,HALIFAX,HRM,2,0.1,19,19,18,64,2026-09-02,44.65327500535011,-63.590800510678676
1646 HENRY ST,3,10,7,HALIFAX,HRM,1,0.1,10,9,9,44,2026-09-04,44.64175500656319,-63.59020200812054
1615 EDWARD ST,3,38,7,HALIFAX,HRM,4,0.10526315789473684,37,37,37,27,2026-05-28,44.64136800422966,-63.588442504922746
2331 CREIGHTON ST,3,8,8,HALIFAX,HRM,1,0.125,8,8,6,159,2026-08-09,44.65332900396095,-63.58670550452283
5233 PRINCE ST,3,7,7,HALIFAX,HRM,1,0.14285714285714285,7,7,5,172.0,2026-06-10,44.64709200417917,-63.575059508849726
13 LASALLE CRT,3,7,16,BEDFORD,HRM,1,0.14285714285714285,5,5,6,39.5,2026-04-18,44.722062005470804,-63.705870009384604
6148 PEPPERELL ST,3,6,9,HALIFAX,HRM,1,0.16666666666666666,6,6,3,85,2026-05-03,44.645400006223014,-63.594040509330114
1243 HENRY ST,3,5,7,HALIFAX,HRM,1,0.2,5,5,2,311.0,2026-03-11,44.63667900392278,-63.587169008260034
1114 WELLINGTON ST,4,5,7,HALIFAX,,2,0.4,5,4,4,27.0,2025-12-10,44.635941007002884,-63.580423504891726
1881 BRUNSWICK ST,3,9,7,HALIFAX,HRM,2,0.2222222222222222,9,9,6,104.0,2025-11-29,44.64917100215399,-63.57768750603051
5683 HARRIS ST,3,4,8,HALIFAX,HRM,1,0.25,4,4,2,97,2026-05-05,44.6529870033892,-63.58934250903972
6373 CORK ST,3,4,9,HALIFAX,HRM,1,0.25,3,3,2,22,2025-11-07,44.654319003664085,-63.608566510021475
43 ROSEHURST CL,3,4,12,HALIFAX,PRIVATE,1,0.25,4,3,3,24,2026-02-14,44.66461500308347,-63.673371010559485
8 DAWN ST,3,4,10,HALIFAX,HRM,1,0.25,4,4,3,229,2026-08-29,44.660160004219534,-63.63655200454929
2631 KING ST,3,4,8,HALIFAX,,1,0.25,3,3,3,0,2026-01-23,44.65485900334994,-63.59600701131886
4 BRIGHTWOOD AVE,2,11,5,DARTMOUTH,HRM,0,0.0,11,10,8,132.0,2026-03-05,44.67241800382337,-63.57153600466074
6132 QUINPOOL RD,2,9,9,HALIFAX,HRM,0,0.0,9,9,6,229.0,2026-02-06,44.64612000676385,-63.59404951044925
6460 EDGEWOOD AVE,2,10,8,HALIFAX,HRM,0,0.0,10,9,7,171,2026-09-04,44.65563300417949,-63.61359750885508
5663 WEST ST,2,6,8,HALIFAX,HRM,0,0.0,6,6,3,335,2026-02-13,44.65361700422346,-63.589869011627826
6057 FRASER ST,2,7,7,HALIFAX,HRM,0,0.0,7,7,4,261.5,2026-09-04,44.63540100377796,-63.58602600985867
6296 YALE ST,2,6,9,HALIFAX,HRM,0,0.0,6,6,3,176,2026-05-25,44.64560700529654,-63.598540511948706
6267 ALMON ST,2,4,9,HALIFAX,HRM,0,0.0,4,4,2,145,2026-03-10,44.653833003481736,-63.60363900814227
2285 GOTTINGEN ST,2,3,8,HALIFAX,HRM,0,0.0,3,3,1,1139.5,2026-06-04,44.65419300684803,-63.585828012186866
4 FAIRBANKS ST,2,4,5,DARTMOUTH,HRM,0,0.0,4,4,2,262,2026-03-18,44.66684370941388,-63.576212526232695
5750 SPRING GARDEN RD,2,12,7,HALIFAX,HRM,0,0.0,12,11,10,58,2025-11-15,44.64171900244165,-63.58096800971812
6129 JUBILEE RD,2,6,9,HALIFAX,,0,0.0,3,3,3,152,2026-05-28,44.64277200351117,-63.59209651013925
6160 WILLOW ST,2,8,8,HALIFAX,HRM,0,0.0,8,8,6,289,2026-08-15,44.65222200321753,-63.596655011049144
21 CHADWICK ST,2,4,3,DARTMOUTH,HRM,0,0.0,4,4,1,416,2026-05-21,44.65854000417971,-63.54893700884607
213 WINDMILL RD,2,6,5,DARTMOUTH,HRM,0,0.0,6,6,4,182,2026-01-16,44.67155400419685,-63.58738050761056
5687 VICTORIA RD,2,5,7,HALIFAX,HRM,0,0.0,4,4,2,518.5,2026-02-21,44.636040004172514,-63.57639150656992
5536 KAYE ST,2,15,8,HALIFAX,HRM,0,0.0,15,13,12,65.5,2026-07-22,44.66174400583577,-63.598905012358436
1378 ROBIE ST,2,13,7,HALIFAX,HRM,0,0.0,9,8,10,78.0,2026-07-10,44.63955900189612,-63.586759511237716
5674 BILBY ST,2,10,8,HALIFAX,HRM,0,0.0,10,10,6,196,2026-07-10,44.65905300608094,-63.597555006182965
1680 HENRY ST,2,5,7,HALIFAX,HRM,0,0.0,5,5,2,452.0,2026-08-31,44.64243000460391,-63.59055750741113
5647 MORRIS ST,2,11,7,HALIFAX,HRM,0,0.0,10,10,9,119.0,2026-01-13,44.64038700681601,-63.577233012395595
3143 AGRICOLA ST,2,9,8,HALIFAX,HRM,0,0.0,9,9,7,195.0,2026-05-26,44.66144700417976,-63.60180750885346
3080 AGRICOLA ST,2,4,8,HALIFAX,HRM,0,0.0,4,4,1,902,2026-08-10,44.66028600723939,-63.600646513317926
1553 VERNON ST,2,5,7,HALIFAX,HRM,0,0.0,5,5,2,405.5,2026-02-04,44.6400450066331,-63.59018850644181
5556 MACARA ST,2,23,8,HALIFAX,HRM,0,0.0,23,23,22,63.0,2026-02-18,44.66025900478974,-63.59735250795159
5214 GERRISH ST,2,10,8,HALIFAX,HRM,0,0.0,9,8,7,94,2026-07-24,44.65597500417962,-63.58468950885107
6023 WELLS ST,2,9,8,HALIFAX,HRM,0,0.0,9,8,6,60.0,2025-09-20,44.66457000448378,-63.61067251139071
1335 HOLLIS ST,2,17,7,HALIFAX,HRM,0,0.0,16,16,15,57.0,2026-07-18,44.642781004179,-63.570168008849
110 FREDERICK AVE,2,7,10,HALIFAX,HRM,0,0.0,7,7,4,261.5,2026-05-05,44.65215900576092,-63.64123651214411
5666 ALMON ST,2,7,8,HALIFAX,HRM,0,0.0,7,7,4,285.5,2026-06-30,44.65860300728917,-63.59665051048957
6034 CEDAR ST,2,4,9,HALIFAX,HRM,0,0.0,4,4,2,298,2026-08-31,44.64411300735941,-63.58988700488297
5571 COGSWELL ST,2,8,8,HALIFAX,HRM,0,0.0,8,8,5,133,2026-05-17,44.65013400176417,-63.583096504902066
6071 WELSFORD ST,2,5,8,HALIFAX,HRM,0,0.0,5,5,3,268.5,2026-05-13,44.64873000171346,-63.592857005892576
6371 NORWOOD ST,2,4,9,HALIFAX,HRM,0,0.0,4,4,1,534,2026-05-23,44.643042004178994,-63.59892750885301
5716 WILLOW ST,2,6,8,HALIFAX,HRM,0,0.0,6,6,2,367,2026-08-29,44.654670006587935,-63.593194511928026
1134 TOWER RD,2,6,7,HALIFAX,HRM,0,0.0,6,6,3,172,2025-10-16,44.63649000544973,-63.57888901170633
16 VICTORIA RD,2,5,5,DARTMOUTH,HRM,0,0.0,4,4,2,318.0,2026-05-27,44.66821500149325,-63.565537513333354
5557 BLACK ST,2,7,8,HALIFAX,HRM,0,0.0,7,7,5,220.0,2025-12-10,44.65773900620894,-63.594018006532245
5661 VICTORIA RD,2,4,7,HALIFAX,HRM,0,0.0,3,3,2,176,2026-02-08,44.63629200608477,-63.57569851022704
2574 ELM ST,2,4,9,HALIFAX,HRM,0,0.0,4,4,2,147,2026-03-28,44.64742500294096,-63.60518251142996
45 WOODHAVEN CL,2,3,3,DARTMOUTH,HRM,0,0.0,2,2,1,740.5,2026-02-23,44.66659500272354,-63.50707801127732
2779 PACIFIC ST,2,7,8,HALIFAX,HRM,0,0.0,7,7,4,118.5,2025-11-25,44.65476000634004,-63.60133500910124
17 MYRTLE ST,2,5,5,DARTMOUTH,HRM,0,0.0,4,4,2,300.5,2026-06-16,44.67105000538717,-63.566487005639345
2662 KING ST,2,4,8,HALIFAX,HRM,0,0.0,4,4,2,48,2026-01-21,44.654877004530874,-63.59692950925055
1581 LARCH ST,2,3,7,HALIFAX,HRM,0,0.0,3,3,1,570.0,2025-10-29,44.6395410023527,-63.59606550961016
6031 FRASER ST,2,19,7,HALIFAX,HRM,0,0.0,17,17,18,35.0,2025-11-05,44.63555400424303,-63.58532851295621
89 STATES LANE,2,5,12,BEECHVILLE,HRM,0,0.0,5,5,2,297.5,2026-06-19,44.63193600255289,-63.6824070112901
PUBLIC GARDENS,2,7,7,HALIFAX,HRM,0,0.0,7,7,6,200.5,2026-06-11,44.64292435178098,-63.582152088077436
6289 LAWRENCE ST,2,3,9,HALIFAX,HRM,0,0.0,3,3,1,593.5,2026-05-07,44.648181004044545,-63.5994810121187
5799 CUNARD ST,2,5,8,HALIFAX,,0,0.0,5,4,3,21.0,2025-10-11,44.6515380061725,-63.589252506831386
5686 WOODILL ST,2,4,8,HALIFAX,HRM,0,0.0,4,4,2,332,2026-07-25,44.652222004179436,-63.588348008851604
5838 COGSWELL ST,2,3,7,HALIFAX,HRM,0,0.0,3,3,1,544.0,2026-06-30,44.647641006087724,-63.588694509309434
247 SPENCER AVE,2,3,11,HALIFAX,PRIVATE,0,0.0,3,3,1,545.5,2026-07-19,44.6169600016147,-63.619920011471855
5685 BILBY ST,2,4,8,HALIFAX,HRM,0,0.0,4,3,2,69,2025-10-24,44.659116002438225,-63.59803651215848
2023 MAYNARD ST,2,7,8,HALIFAX,HRM,0,0.0,7,6,5,56.5,2026-06-28,44.650395004459085,-63.58373551249637
72 PINECREST DR,2,5,5,DARTMOUTH,HRM,0,0.0,4,4,3,53.5,2025-11-09,44.68504500692495,-63.582408009118765
9 LOVELL LANE,2,4,11,HALIFAX,HRM,0,0.0,3,2,1,367,2026-07-03,44.61660000378137,-63.616702506635114
6046 INGLIS ST,2,3,7,HALIFAX,HRM,0,0.0,3,3,1,408.0,2026-02-24,44.63210700122309,-63.58437001054792
36 BOSUN RUN,2,4,,HALIFAX,PRIVATE,0,0.0,3,3,2,49,2026-03-31,44.697258006535634,-63.670810506572195
3601 ROBIE ST,2,8,,HALIFAX,HRM,0,0.0,4,4,7,41,2026-03-29,44.6663970038862,-63.611833512030366
229 SPENCER AVE,2,3,11,HALIFAX,,0,0.0,2,2,1,380.5,2026-05-20,44.61660000378137,-63.619929012590994
6020 FRASER ST,2,4,7,HALIFAX,HRM,0,0.0,4,4,2,168,2026-07-08,44.63530200551821,-63.58491000583159
215 WINDMILL RD,2,8,5,DARTMOUTH,HRM,0,0.0,8,4,7,67,2026-01-22,44.67159900376333,-63.58750650531232
6263 ALLAN ST,2,3,9,HALIFAX,HRM,0,0.0,3,3,1,377.0,2026-06-14,44.64763200117943,-63.59887800900099
24 SYMONDS ST,2,4,5,DARTMOUTH,HRM,0,0.0,2,2,2,111,2025-11-29,44.67588300180526,-63.58397850678075
91 METROPOLITAN AVE,2,3,15,LOWER SACKVILLE,HRM,0,0.0,3,3,1,354.0,2026-05-29,44.7790590016086,-63.672988507911455
6240 WILLOW ST,2,4,9,HALIFAX,HRM,0,0.0,4,4,2,36,2025-12-19,44.6510970045573,-63.598203005913255
3132 AGRICOLA ST,2,5,8,HALIFAX,HRM,0,0.0,5,5,4,150.5,2026-02-26,44.660961006887874,-63.60191550942107
3580 ACADIA ST,2,4,8,HALIFAX,HRM,0,0.0,4,4,3,207,2026-08-23,44.669457007368095,-63.606568513098864
1658 MARKET ST,2,3,7,HALIFAX,HRM,0,0.0,3,3,1,267.0,2026-03-13,44.646093004108735,-63.57585601184584
10 SPRINGVALE AVE,2,3,9,HALIFAX,HRM,0,0.0,3,3,2,194.0,2025-10-22,44.6466240050207,-63.630499506507
6042 COMPTON AVE,2,6,8,HALIFAX,HRM,0,0.0,6,6,5,98,2026-08-28,44.64990000417927,-63.59300100885225
12 MCFATRIDGE RD,2,3,10,HALIFAX,,0,0.0,2,2,1,238.0,2026-02-23,44.66068200125562,-63.63040501272225
5553 NORTH ST,2,3,8,HALIFAX,HRM,0,0.0,3,3,1,213.5,2026-01-24,44.656749000991795,-63.59216851010927
6251 SHIRLEY ST,2,6,9,HALIFAX,HRM,0,0.0,6,6,5,104,2026-02-26,44.64427500306624,-63.596614506012976
5570 NORA BERNARD ST,2,8,8,HALIFAX,HRM,0,0.0,8,8,7,80,2026-05-26,44.65150200173207,-63.5850990113674
45 ALBRO LAKE RD,2,3,5,DARTMOUTH,HRM,0,0.0,2,2,2,182.0,2025-12-29,44.67738600562589,-63.5870385099987
70 GARY MARTIN DR,2,4,16,BEDFORD,HRM,0,0.0,3,3,3,85,2026-01-11,44.72425800626837,-63.703422010403514
1585 VERNON ST,2,3,7,HALIFAX,HRM,0,0.0,3,3,1,273.0,2026-08-01,44.64067500103312,-63.59051251079853
5261 KAYE ST,2,4,8,HALIFAX,HRM,0,0.0,4,4,3,188,2026-06-25,44.664066002446816,-63.59516100493361
5714 SOUTHWOOD DR,2,4,7,HALIFAX,HRM,0,0.0,4,4,3,73,2025-11-20,44.62954200662537,-63.5743800079686
6241 CHARLES ST,2,4,9,HALIFAX,HRM,0,0.0,3,3,3,189,2026-08-28,44.650881001499386,-63.59773051004005
10 ELIZABETH DOANE DR,2,6,16,BEDFORD,HRM,0,0.0,6,6,5,21,2026-04-13,44.706744002526335,-63.71361451121422
17 COVINGTON WAY,2,3,10,HALIFAX,,0,0.0,1,1,2,80.0,2025-12-10,44.6562540048248,-63.65370150807883
2636 OXFORD ST,2,3,9,HALIFAX,,0,0.0,2,1,2,134.0,2026-04-10,44.64950400143866,-63.6035310126788
15 KINGS WHARF PL,2,3,5,DARTMOUTH,HRM,0,0.0,3,3,2,178.0,2026-07-09,44.66440800156869,-63.56418750715789
2054 CREIGHTON ST,2,3,8,HALIFAX,HRM,0,0.0,3,3,2,19.5,2025-09-08,44.650908001925615,-63.58363650916888
35 STOCKTON RG,2,4,16,BEDFORD,HRM,0,0.0,4,4,3,11,2025-10-14,44.705565001161915,-63.681403512269235
64 PRINCE ST,2,3,15,LOWER SACKVILLE,HRM,0,0.0,3,3,2,160.5,2026-07-02,44.76559500515904,-63.67185001006966
17A MARILYN DR,2,3,3,DARTMOUTH,HRM,0,0.0,3,3,2,158.5,2026-06-29,44.66628900539695,-63.53706151171088
9 ROSEDALE DR,2,3,5,DARTMOUTH,,0,0.0,3,3,2,25.0,2025-10-08,44.673633006459454,-63.584716508719374
25 RIVER RD,2,4,11,HALIFAX,,0,0.0,4,3,3,42,2026-03-18,44.60767200350293,-63.61375050786379
5858 MACARA ST,2,3,8,HALIFAX,PRIVATE,0,0.0,3,3,2,6.0,2025-09-18,44.65835100644031,-63.59992650463446
2641 NORTHWOOD TERR,2,3,8,HALIFAX,,0,0.0,3,3,2,159.0,2026-07-20,44.657478004615285,-63.59260951104862
29 LEAMAN DR,2,2,5,DARTMOUTH,,0,0.0,2,2,1,189,2026-03-14,44.68687200596429,-63.580536009897926
68 PRINCE ST,2,2,15,LOWER SACKVILLE,HRM,0,0.0,2,2,1,30,2025-10-06,44.76568500479536,-63.672048007741466
2561 BEECH ST,2,2,9,HALIFAX,HRM,0,0.0,2,2,1,0,2025-09-08,44.64756900512816,-63.60373801146974
38 HALEF CRT,2,2,11,HALIFAX,HRM,0,0.0,2,2,1,240,2026-05-07,44.633943004178604,-63.62756100885701
2465 MAYNARD ST,2,2,,HALIFAX,HRM,0,0.0,1,1,1,201,2026-03-30,44.65484100216335,-63.59017500476309
HALIFAX CENTRAL COMMON POOL,2,2,7,,,0,0.0,1,1,1,0,2025-09-13,44.647669196746165,-63.588607246962724
61 KASSI LANE,2,2,3,DARTMOUTH,HRM,0,0.0,1,1,1,349,2026-08-28,44.65987200417976,-63.53383050884394
13 CHELSEA LANE,2,2,10,HALIFAX,PRIVATE,0,0.0,2,2,1,45,2025-11-07,44.65689300558947,-63.65250001138615
5719 MCCULLY ST,2,2,8,HALIFAX,PRIVATE,0,0.0,2,2,1,266,2026-06-17,44.655750004179595,-63.59487750885247
6331 YORK ST,2,2,9,HALIFAX,PRIVATE,0,0.0,2,2,1,111,2026-01-15,44.64265500646664,-63.59782501280795
1867 SELDON ST,2,2,9,HALIFAX,HRM,0,0.0,2,2,1,176,2026-04-02,44.643492004712414,-63.59814900818153
100 CAVENDISH DR,2,2,15,LOWER SACKVILLE,HRM,0,0.0,2,2,1,315,2026-08-20,44.77757400512502,-63.66238200951886
20 PRESTWICK CL,2,2,12,HALIFAX,HRM,0,0.0,2,2,1,14,2025-11-06,44.66139300100525,-63.67271400971005
2222 BRUNSWICK ST,2,2,8,HALIFAX,HRM,0,0.0,2,2,1,48,2025-12-12,44.65342800341375,-63.58288050499198
11 CHELSEA LANE,2,2,10,HALIFAX,HRM,0,0.0,2,2,1,0,2025-10-29,44.657010005866766,-63.65244600467126
70 QUEEN ST,2,2,5,DARTMOUTH,,0,0.0,2,2,1,27,2025-12-03,44.66745900599801,-63.56570850764772
6285 CORK ST,2,2,9,HALIFAX,HRM,0,0.0,2,2,1,125,2026-03-15,44.655660002568766,-63.60685651297901
17 CLOVIS AVE,2,2,11,HALIFAX,HRM,0,0.0,2,2,1,0,2025-11-24,44.61826500142746,-63.61332300860318
52 HILDEN DR,2,2,11,HALIFAX,PRIVATE,0,0.0,2,2,1,47,2026-01-22,44.602263006964364,-63.61337700633491
1874 SELDON ST,2,2,9,HALIFAX,HRM,0,0.0,2,2,1,104,2026-03-24,44.643537006887584,-63.5986620090909
79 TILBURY AVE,2,2,16,BEDFORD,HRM,0,0.0,2,2,1,0,2025-12-11,44.71015500652348,-63.699736510253146
82 OCHTERLONEY ST,2,2,5,DARTMOUTH,,0,0.0,2,2,1,118,2026-04-10,44.66745900599801,-63.56710351043577
2486 CREIGHTON ST,2,2,8,HALIFAX,HRM,0,0.0,2,2,1,248,2026-08-20,44.65534500132395,-63.59021550979925
213 PRINCE ST,2,2,15,LOWER SACKVILLE,HRM,0,0.0,2,2,1,34,2026-01-19,44.77014900418473,-63.67603500886381
40 BRULE ST,2,2,5,DARTMOUTH,HRM,0,0.0,2,2,1,3,2025-12-22,44.68498200681128,-63.58470750760022
1697 BRUNSWICK ST,2,2,7,HALIFAX,,0,0.0,2,2,1,193,2026-07-08,44.64650700417914,-63.57647250884991
33 TRAVERTINE CRT,2,2,11,HALIFAX,OTHER,0,0.0,2,2,1,41,2026-02-10,44.605854004177246,-63.59852250885297
165 HIGGINS AVE,2,2,12,BEECHVILLE,HRM,0,0.0,2,2,1,9,2026-01-10,44.63958600120077,-63.67892400937112
10 PARKHILL RD,2,2,11,HALIFAX,HRM,0,0.0,0,0,1,0,2026-01-01,44.624466004178146,-63.600876008853284
33 ROSEHURST CL,2,2,12,HALIFAX,HRM,0,0.0,2,2,1,122,2026-05-09,44.664975003401736,-63.67299300847104
58 KASSI LANE,2,2,3,DARTMOUTH,HRM,0,0.0,2,2,1,76,2026-03-30,44.66019600328471,-63.53364600920236
6318 PEPPERELL ST,2,2,9,HALIFAX,HRM,0,0.0,2,2,1,52,2026-03-13,44.64432900417904,-63.59795100885287
150 TRANSOM DR,2,2,16,HALIFAX,,0,0.0,2,2,1,35,2026-03-01,44.69184000104778,-63.67883400716279
2321 CLIFTON ST,2,2,8,HALIFAX,,0,0.0,2,2,1,115,2026-05-22,44.651088006576174,-63.593428505093264
208 NADIA DR,2,2,5,DARTMOUTH,HRM,0,0.0,2,2,1,0,2026-01-27,44.6840640010316,-63.5933025073915
119 HAZELHOLME DR,2,2,10,HALIFAX,PRIVATE,0,0.0,2,2,1,0,2026-02-04,44.660988002621025,-63.65105551142593
115 PINECREST DR,2,2,5,DARTMOUTH,HRM,0,0.0,2,2,1,41,2026-03-24,44.6851080069701,-63.58650300629145
2737 FULLER TERR,2,2,8,HALIFAX,HRM,0,0.0,2,2,1,94,2026-05-19,44.65827000417971,-63.59526900885256
91 INSPECTOR CRT,2,2,11,HALIFAX,HRM,0,0.0,2,2,1,1,2026-02-15,44.60998500523252,-63.61505100788394
2655 KING ST,2,2,8,HALIFAX,HRM,0,0.0,2,2,1,5,2026-02-24,44.655021000997095,-63.59647950719206
10 CRYSTAL DR,2,2,5,DARTMOUTH,,0,0.0,2,2,1,28,2026-03-18,44.68671900674531,-63.58279951288594
861 BRIDGES ST,2,2,7,HALIFAX,HRM,0,0.0,2,2,1,3,2026-02-23,44.6312340071062,-63.57649951101655
38 ALFRED ST,2,2,5,DARTMOUTH,PRIVATE,0,0.0,1,1,1,0,2026-02-20,44.68131000499196,-63.58842901222717
36 OAKVALE CRT,2,2,12,TIMBERLEA,PRIVATE,0,0.0,0,0,1,7,2026-03-01,44.6515380061725,-63.736942510487815
16 CAPRI CRT,2,2,6,DARTMOUTH,HRM,0,0.0,2,2,1,2,2026-03-01,44.69748300637636,-63.54049050691499
6432 QUINPOOL RD,2,2,9,HALIFAX,HRM,0,0.0,2,2,1,10,2026-03-13,44.64415800266147,-63.60107401257856
23 ALABASTER WAY,2,2,11,HALIFAX,HRM,0,0.0,2,2,1,183,2026-09-02,44.610669006137954,-63.6048990121094
84 LAKECREST DR,2,2,6,DARTMOUTH,,0,0.0,1,1,1,71,2026-05-15,44.68308300407395,-63.536463009152754
24 KING ST,2,2,5,DARTMOUTH,HRM,0,0.0,1,1,1,18,2026-03-24,44.665164004910054,-63.56564550879683
1158 DALHOUSIE ST,2,2,7,HALIFAX,,0,0.0,2,1,1,0,2026-03-07,44.63369100417853,-63.59364000885226
1875 BARRINGTON ST,2,2,7,HALIFAX,HRM,0,0.0,2,2,1,165,2026-08-22,44.64974700417932,-63.57495600884968
2415 MAYNARD ST,2,2,8,HALIFAX,,0,0.0,2,2,1,104,2026-06-24,44.65410300621599,-63.58899601086829
2098 BEECH ST,2,2,9,HALIFAX,HRM,0,0.0,2,2,1,159,2026-08-18,44.645697006330636,-63.60323401167952
3659 ROBIE ST,2,2,8,HALIFAX,HRM,0,0.0,2,2,1,42,2026-04-26,44.66722500265598,-63.613017006484746
43 KASSI LANE,2,2,3,DARTMOUTH,HRM,0,0.0,2,2,1,41,2026-04-28,44.66009700260696,-63.53422650952219
6220 DUNCAN ST,2,2,9,HALIFAX,PRIVATE,0,0.0,2,2,1,16,2026-04-05,44.649000002642026,-63.597775506652646
2018 KLINE ST,2,2,9,HALIFAX,,0,0.0,1,1,1,0,2026-03-27,44.64456300354894,-63.601578012368776
5640 ALMON ST,2,2,8,HALIFAX,,0,0.0,2,2,1,51,2026-05-31,44.65888200375659,-63.59630401231813
10 COLDSTREAM RUN,2,2,3,DARTMOUTH,HRM,0,0.0,1,1,1,7,2026-04-22,44.666208006397966,-63.529803007433216
32 LOWTHER LANE,2,2,16,BEDFORD,HRM,0,0.0,2,2,1,0,2026-04-29,44.716203006272025,-63.70263901185231
2113 WINDSOR ST,2,2,8,HALIFAX,HRM,0,0.0,2,2,1,76,2026-07-18,44.64900000417924,-63.59361300885227
PARKHILL RD,2,2,11,HALIFAX,,0,0.0,0,0,1,0,2026-05-03,44.6264263333679,-63.59880034964468
6027 WILLIAMS ST,2,2,8,HALIFAX,HRM,0,0.0,2,1,1,8,2026-05-13,44.649585004602756,-63.59251500828072
45 ALDERNEY DR,2,2,5,DARTMOUTH,HRM,0,0.0,2,2,1,77,2026-07-22,44.66548800606208,-63.56902050626919
204 CAPSTONE CRES,2,2,16,BEDFORD,HRM,0,0.0,2,1,1,3,2026-05-10,44.718390005743146,-63.705492007296144
6565 YOUNG ST,2,2,9,HALIFAX,PRIVATE,0,0.0,2,2,1,79,2026-07-28,44.65205100631016,-63.6132150131397
5852 LIVINGSTONE ST,2,2,8,HALIFAX,,0,0.0,2,2,1,0,2026-05-13,44.661780003917414,-63.603243012798664
18 MEADOW GREEN WALK,2,2,11,HALIFAX,FEDERAL,0,0.0,2,2,1,82,2026-08-18,44.60065200112774,-63.61264350495587
7 HILLCREST ST,2,2,10,HALIFAX,,0,0.0,1,1,1,42,2026-07-17,44.65157400420003,-63.63981900655817
86 HAZELHOLME DR,2,2,10,HALIFAX,HRM,0,0.0,2,2,1,0,2026-06-06,44.662113001086425,-63.650110510696365
93 KASSI LANE,2,2,3,DARTMOUTH,HRM,0,0.0,2,2,1,76,2026-08-26,44.65949400470333,-63.533187006024725
5532 KAYE ST,2,2,8,HALIFAX,HRM,0,0.0,2,1,1,0,2026-06-11,44.66176200417988,-63.598783508853025
22 COLE DR,2,2,4,COLE HARBOUR,,0,0.0,1,1,1,1,2026-06-22,44.676540004255116,-63.47893500614757
913 BRUSSELS ST,2,2,7,HALIFAX,HRM,0,0.0,2,1,1,0,2026-06-22,44.63335800417855,-63.57260700884938
31 SASKATOON DR,2,2,10,HALIFAX,PRIVATE,0,0.0,2,1,1,0,2026-06-22,44.68837500573514,-63.68684850663423
8B MOUNT HOPE AVE,2,2,3,DARTMOUTH,HRM,0,0.0,2,2,1,1,2026-07-04,44.652519006737975,-63.543960007155256
23 SYMONDS ST,2,2,5,DARTMOUTH,,0,0.0,2,2,1,55,2026-08-30,44.676099001157496,-63.58431151225662
8 GLENWOOD AVE,2,2,6,DARTMOUTH,PRIVATE,0,0.0,2,2,1,38,2026-08-15,44.67845700418056,-63.55057050884628
515 CONRADS RD,2,2,13,QUEENSLAND,,0,0.0,2,2,1,24,2026-08-05,44.63371800400034,-64.03122900758828
6 VIMY AVE,2,2,10,HALIFAX,OTHER,0,0.0,2,2,1,30,2026-08-11,44.66268000619806,-63.63191701209294
5816 COGSWELL ST,2,2,7,HALIFAX,,0,0.0,2,2,1,0,2026-07-12,44.64808200417923,-63.58823100885152
3198 ASHBURN AVE,2,2,9,HALIFAX,,0,0.0,2,1,1,0,2026-07-31,44.65116000417939,-63.62853750885714
2110 BAUER ST,2,2,8,HALIFAX,HRM,0,0.0,2,2,1,27,2026-09-02,44.650728003107076,-63.58580100882942
49 CIRCLE DR,2,2,11,HALIFAX,PRIVATE,0,0.0,2,1,1,0,2026-08-07,44.622612005568584,-63.615789009822564
6243 WATT ST,2,2,7,HALIFAX,,0,0.0,2,2,1,0,2026-08-08,44.64001800417887,-63.59459850885245
76 VIRIDIAN DR,2,2,5,DARTMOUTH,,0,0.0,2,2,1,8,2026-08-23,44.68909500274654,-63.566163010265775
30 GLENWOOD AVE,2,2,6,DARTMOUTH,HRM,0,0.0,2,2,1,8,2026-09-01,44.67739500591384,-63.54905851233197
6 MIDDLE ST,2,2,5,DARTMOUTH,PRIVATE,0,0.0,2,1,1,0,2026-09-01,44.677053006764254,-63.59229900837062
2315 CLIFTON ST,2,2,8,HALIFAX,HRM,0,0.0,2,2,1,0,2026-09-03,44.65100700551113,-63.59341951295726
5543 BLOOMFIELD ST,2,62,8,HALIFAX,HRM,2,0.03225806451612903,61,57,60,13,2025-11-02,44.6590170063061,-63.59538150540328
6036 SOUTH ST,2,17,7,HALIFAX,HRM,1,0.058823529411764705,17,17,15,80.0,2026-08-06,44.63612100417862,-63.58572900885122
2583 KLINE ST,2,16,9,HALIFAX,HRM,1,0.0625,14,14,15,138,2026-03-19,44.648181004044545,-63.602955012918535
1055 LUCKNOW ST,2,16,7,HALIFAX,HRM,1,0.0625,14,14,14,99,2026-02-01,44.635986002250604,-63.57465900672958
6282 YOUNG ST,2,8,9,HALIFAX,HRM,1,0.125,8,8,6,57,2026-01-23,44.65593000318668,-63.60710850838254
1584 ROBIE ST,2,23,7,HALIFAX,HRM,3,0.13043478260869565,23,22,20,56.5,2026-05-22,44.64193500126919,-63.58798801128784
958 SOUTH BLAND ST,2,7,7,HALIFAX,HRM,1,0.14285714285714285,7,7,5,181.5,2026-07-11,44.63436600432641,-63.57241800653943
5666 KANE ST,2,6,8,HALIFAX,HRM,1,0.16666666666666666,6,6,3,318,2026-07-14,44.661960006769135,-63.601546508451754
3877 KENCREST AVE,2,6,8,HALIFAX,HRM,1,0.16666666666666666,5,5,3,255,2026-02-08,44.673624005587186,-63.6134895113411
6334 NORWOOD ST,2,6,9,HALIFAX,HRM,1,0.16666666666666666,6,5,4,136,2026-01-15,44.643051005836014,-63.597888011658846
2135 BRUNSWICK ST,2,6,8,HALIFAX,HRM,1,0.16666666666666666,5,5,4,197,2026-07-28,44.65307700575323,-63.581494512306215
2474 AGRICOLA ST,2,6,8,HALIFAX,HRM,1,0.16666666666666666,6,6,4,233,2025-09-28,44.653887001573054,-63.59169600525291
5284 SOUTH ST,2,32,7,HALIFAX,HRM,6,0.1875,27,26,30,43,2025-12-08,44.63933400720208,-63.57261601319438
1545 BIRMINGHAM ST,2,4,7,HALIFAX,,1,0.25,3,3,2,274,2026-08-23,44.64396000389709,-63.577233012395595
6037 FRASER ST,2,4,7,HALIFAX,HRM,1,0.25,4,4,2,203,2026-04-30,44.63551800266583,-63.58548150503228
6050 CEDAR ST,2,4,9,HALIFAX,HRM,1,0.25,4,4,3,244,2026-05-14,44.64398700115373,-63.59036851085847
2287 BRUNSWICK ST,2,7,8,HALIFAX,HRM,2,0.2857142857142857,7,7,5,118.5,2026-08-23,44.654616002835525,-63.583686006341054
2513 AGRICOLA ST,2,3,8,HALIFAX,HRM,1,0.3333333333333333,3,3,1,1159.0,2026-07-16,44.65445400405693,-63.592020009609634
1525 BIRMINGHAM ST,2,3,7,HALIFAX,HRM,1,0.3333333333333333,3,3,1,857.0,2026-03-21,44.64367301665803,-63.57731448959187
2767 PACIFIC ST,2,3,8,HALIFAX,HRM,1,0.3333333333333333,3,3,1,532.0,2025-11-07,44.6545350066979,-63.601024506423244
46 QUEEN ST,2,3,5,DARTMOUTH,HRM,1,0.3333333333333333,3,3,2,185.5,2025-10-30,44.66629800101944,-63.56706750595917
2470 AGRICOLA ST,2,3,8,HALIFAX,HRM,1,0.3333333333333333,2,2,2,164.0,2025-12-02,44.65384200103702,-63.59160151146816
6385 LIVERPOOL ST,2,5,9,HALIFAX,HRM,2,0.4,5,4,2,308.0,2026-08-03,44.653608006633306,-63.60814351132043
6317 DUNCAN ST,2,2,9,HALIFAX,,1,0.5,2,2,1,7,2025-10-31,44.64861300390319,-63.60056101166918
5880 GORSEBROOK AVE,2,2,7,HALIFAX,HRM,1,0.5,2,2,1,195,2026-06-09,44.6296050030727,-63.57967651081712
53 CRANBERRY CRES,2,2,6,DARTMOUTH,HRM,1,0.5,2,2,1,243,2026-08-31,44.683353004717674,-63.502191005451124
6313 LAWRENCE ST,2,2,9,HALIFAX,HRM,1,0.5,2,2,1,84,2026-07-24,44.64801900646356,-63.600169507902
